epoch,steps,cosine_pearson,cosine_spearman,euclidean_pearson,euclidean_spearman,manhattan_pearson,manhattan_spearman,dot_pearson,dot_spearman
-1,-1,0.48362226649075585,0.7111011550236429,0.5109245965670226,0.7213041274356553,0.5076574093094868,0.718333466980133,0.2955963816136311,0.5098649444959832
-1,-1,0.4822467686275443,0.7892897216678832,0.520808064692784,0.8028830339456983,0.5173780360570577,0.8004628823528865,0.2652966153369941,0.5943962766957094
-1,-1,0.48089297583607493,0.8064089297408639,0.5214219909900059,0.8188466511708844,0.5181839181992558,0.8166067849132538,0.26978987221223943,0.6264906317733367
