epoch,steps,cosine_pearson,cosine_spearman,euclidean_pearson,euclidean_spearman,manhattan_pearson,manhattan_spearman,dot_pearson,dot_spearman
-1,-1,0.7584335805762235,0.7579272033061881,0.6460062028397029,0.6436312102651123,0.646238985335487,0.644104162844813,0.4683793084128986,0.47192387843015876
-1,-1,0.7897693895488737,0.7878892861972334,0.6173608606333899,0.6352733147841064,0.6171881277941627,0.6351577985818971,0.3714989308999924,0.3981166458269328
-1,-1,0.7731805608939966,0.7817386277273025,0.756161176938875,0.752945797291096,0.7565269426499222,0.753140618064585,0.5881959905563956,0.5824709801212752
-1,-1,0.8039724119578906,0.8070424496563741,0.7385969408949495,0.745108698274128,0.7384021034062107,0.7445212190813222,0.5501761369916409,0.58122311057995
