epoch,steps,cosine_pearson,cosine_spearman,euclidean_pearson,euclidean_spearman,manhattan_pearson,manhattan_spearman,dot_pearson,dot_spearman
-1,-1,0.7584335805762235,0.7579272033061881,0.6460062028397029,0.6436312102651123,0.646238985335487,0.644104162844813,0.4683793084128986,0.47192387843015876
-1,-1,0.7897693895488737,0.7878892861972334,0.6173608606333899,0.6352733147841064,0.6171881277941627,0.6351577985818971,0.3714989308999924,0.3981166458269328
-1,-1,0.7731805608939966,0.7817386277273025,0.756161176938875,0.752945797291096,0.7565269426499222,0.753140618064585,0.5881959905563956,0.5824709801212752
-1,-1,0.8039724119578906,0.8070424496563741,0.7385969408949495,0.745108698274128,0.7384021034062107,0.7445212190813222,0.5501761369916409,0.58122311057995
-1,-1,0.7343993985485294,0.7252627251357356,0.7361510000307754,0.7262278835310817,0.736359207397661,0.7264145753892061,0.7019827709226073,0.6886198718220119
-1,-1,0.7424480428453031,0.7312536058759599,0.7415330736247959,0.7333476379186494,0.741228588648957,0.7327706318672967,0.7193681185419822,0.7070229274633217
-1,-1,0.7070390546938161,0.6961087233345652,0.6729913369375196,0.671213277474448,0.6718866440759876,0.6703868125280682,0.6808630208425632,0.6641461881159341
